scenario,v0_mps,decel_mps2,offset_ms,method,window_n,n_trials,n_frames_eval,rmse_m,mean_err_m,p95_err_m,frac_gt_thr,along_bias_m,along_bias_steady_m,pred_bias_steady_m,vdt_nominal_m,vdt_inst_m,ratio_nominal,ratio_inst,rmse_reduction_pct
const,5.0000,0.0000,0,uncomp,,200,90,0.1424,0.1263,0.2459,0.0000,0.0002,,,0.0000,0.0000,,,
const,5.0000,0.0000,0,comp_cv,5,200,90,0.1102,0.0977,0.1906,0.0000,0.0004,,,0.0000,0.0000,,,
const,5.0000,0.0000,50,uncomp,,200,90,0.2875,0.2714,0.4295,0.0077,-0.2498,,,0.2500,0.2500,0.9991,0.9991,
const,5.0000,0.0000,50,comp_cv,5,200,90,0.1292,0.1145,0.2225,0.0000,0.0004,,,0.2500,0.2500,,,55.0745
const,5.0000,0.0000,100,uncomp,,200,90,0.5197,0.5102,0.6729,0.5448,-0.4998,,,0.5000,0.5000,0.9996,0.9996,
const,5.0000,0.0000,100,comp_cv,5,200,90,0.1491,0.1322,0.2569,0.0000,0.0004,,,0.5000,0.5000,,,71.3086
const,5.0000,0.0000,150,uncomp,,200,90,0.7632,0.7567,0.9197,0.9952,-0.7498,,,0.7500,0.7500,0.9997,0.9997,
const,5.0000,0.0000,150,comp_cv,5,200,90,0.1697,0.1505,0.2930,0.0002,0.0005,,,0.7500,0.7500,,,77.7691
const,5.0000,0.0000,200,uncomp,,200,90,1.0099,1.0049,1.1686,1.0000,-0.9998,,,1.0000,1.0000,0.9998,0.9998,
const,5.0000,0.0000,200,comp_cv,5,200,90,0.1907,0.1691,0.3286,0.0008,0.0005,,,1.0000,1.0000,,,81.1213
const,10.0000,0.0000,0,uncomp,,200,90,0.1424,0.1263,0.2459,0.0000,0.0002,,,0.0000,0.0000,,,
const,10.0000,0.0000,0,comp_cv,5,200,90,0.1102,0.0977,0.1906,0.0000,0.0004,,,0.0000,0.0000,,,
const,10.0000,0.0000,50,uncomp,,200,90,0.5197,0.5102,0.6729,0.5448,-0.4998,,,0.5000,0.5000,0.9996,0.9996,
const,10.0000,0.0000,50,comp_cv,5,200,90,0.1292,0.1145,0.2225,0.0000,0.0004,,,0.5000,0.5000,,,75.1437
const,10.0000,0.0000,100,uncomp,,200,90,1.0099,1.0049,1.1686,1.0000,-0.9998,,,1.0000,1.0000,0.9998,0.9998,
const,10.0000,0.0000,100,comp_cv,5,200,90,0.1491,0.1322,0.2569,0.0000,0.0004,,,1.0000,1.0000,,,85.2356
const,10.0000,0.0000,150,uncomp,,200,90,1.5065,1.5032,1.6666,1.0000,-1.4998,,,1.5000,1.5000,0.9999,0.9999,
const,10.0000,0.0000,150,comp_cv,5,200,90,0.1697,0.1505,0.2930,0.0002,0.0005,,,1.5000,1.5000,,,88.7381
const,10.0000,0.0000,200,uncomp,,200,90,2.0048,2.0024,2.1656,1.0000,-1.9998,,,2.0000,2.0000,0.9999,0.9999,
const,10.0000,0.0000,200,comp_cv,5,200,90,0.1907,0.1691,0.3286,0.0008,0.0005,,,2.0000,2.0000,,,90.4905
const,20.0000,0.0000,0,uncomp,,200,90,0.1424,0.1263,0.2459,0.0000,0.0002,,,0.0000,0.0000,,,
const,20.0000,0.0000,0,comp_cv,5,200,90,0.1102,0.0977,0.1906,0.0000,0.0004,,,0.0000,0.0000,,,
const,20.0000,0.0000,50,uncomp,,200,90,1.0099,1.0049,1.1686,1.0000,-0.9998,,,1.0000,1.0000,0.9998,0.9998,
const,20.0000,0.0000,50,comp_cv,5,200,90,0.1292,0.1145,0.2225,0.0000,0.0004,,,1.0000,1.0000,,,87.2091
const,20.0000,0.0000,100,uncomp,,200,90,2.0048,2.0024,2.1656,1.0000,-1.9998,,,2.0000,2.0000,0.9999,0.9999,
const,20.0000,0.0000,100,comp_cv,5,200,90,0.1491,0.1322,0.2569,0.0000,0.0004,,,2.0000,2.0000,,,92.5629
const,20.0000,0.0000,150,uncomp,,200,90,3.0032,3.0015,3.1650,1.0000,-2.9998,,,3.0000,3.0000,0.9999,0.9999,
const,20.0000,0.0000,150,comp_cv,5,200,90,0.1697,0.1505,0.2930,0.0002,0.0005,,,3.0000,3.0000,,,94.3505
const,20.0000,0.0000,200,uncomp,,200,90,4.0023,4.0011,4.1647,1.0000,-3.9998,,,4.0000,4.0000,0.9999,0.9999,
const,20.0000,0.0000,200,comp_cv,5,200,90,0.1907,0.1691,0.3286,0.0008,0.0005,,,4.0000,4.0000,,,95.2365
const,30.0000,0.0000,0,uncomp,,200,90,0.1424,0.1263,0.2459,0.0000,0.0002,,,0.0000,0.0000,,,
const,30.0000,0.0000,0,comp_cv,5,200,90,0.1102,0.0977,0.1906,0.0000,0.0004,,,0.0000,0.0000,,,
const,30.0000,0.0000,50,uncomp,,200,90,1.5065,1.5032,1.6666,1.0000,-1.4998,,,1.5000,1.5000,0.9999,0.9999,
const,30.0000,0.0000,50,comp_cv,5,200,90,0.1292,0.1145,0.2225,0.0000,0.0004,,,1.5000,1.5000,,,91.4259
const,30.0000,0.0000,100,uncomp,,200,90,3.0032,3.0015,3.1650,1.0000,-2.9998,,,3.0000,3.0000,0.9999,0.9999,
const,30.0000,0.0000,100,comp_cv,5,200,90,0.1491,0.1322,0.2569,0.0000,0.0004,,,3.0000,3.0000,,,95.0352
const,30.0000,0.0000,150,uncomp,,200,90,4.5020,4.5009,4.6646,1.0000,-4.4998,,,4.5000,4.5000,1.0000,1.0000,
const,30.0000,0.0000,150,comp_cv,5,200,90,0.1697,0.1505,0.2930,0.0002,0.0005,,,4.5000,4.5000,,,96.2314
const,30.0000,0.0000,200,uncomp,,200,90,6.0015,6.0006,6.1642,1.0000,-5.9998,,,6.0000,6.0000,1.0000,1.0000,
const,30.0000,0.0000,200,comp_cv,5,200,90,0.1907,0.1691,0.3286,0.0008,0.0005,,,6.0000,6.0000,,,96.8233
brake,20.0000,0.0000,0,uncomp,,200,31,0.1441,0.1279,0.2492,0.0000,-0.0002,,,0.0000,0.0000,,,
brake,20.0000,0.0000,0,comp_cv,3,200,31,0.1315,0.1165,0.2277,0.0000,-0.0002,,,0.0000,0.0000,,,
brake,20.0000,0.0000,0,comp_cv,5,200,31,0.1118,0.0992,0.1928,0.0000,-0.0001,,,0.0000,0.0000,,,
brake,20.0000,0.0000,0,comp_cv,9,200,31,0.0889,0.0789,0.1529,0.0000,-0.0001,,,0.0000,0.0000,,,
brake,20.0000,0.0000,0,comp_ca,5,200,31,0.1356,0.1203,0.2356,0.0000,-0.0003,,,0.0000,0.0000,,,
brake,20.0000,0.0000,0,comp_ca,9,200,31,0.1176,0.1043,0.2042,0.0000,-0.0001,,,0.0000,0.0000,,,
brake,20.0000,0.0000,50,uncomp,,200,31,1.0105,1.0056,1.1710,1.0000,-1.0002,,,1.0000,1.0000,1.0002,1.0002,
brake,20.0000,0.0000,50,comp_cv,3,200,31,0.1736,0.1537,0.3009,0.0000,-0.0003,,,1.0000,1.0000,,,82.8168
brake,20.0000,0.0000,50,comp_cv,5,200,31,0.1310,0.1162,0.2243,0.0000,-0.0001,,,1.0000,1.0000,,,87.0339
brake,20.0000,0.0000,50,comp_cv,9,200,31,0.0968,0.0860,0.1665,0.0000,-0.0002,,,1.0000,1.0000,,,90.4193
brake,20.0000,0.0000,50,comp_ca,5,200,31,0.2092,0.1853,0.3633,0.0023,-0.0005,,,1.0000,1.0000,,,79.2998
brake,20.0000,0.0000,50,comp_ca,9,200,31,0.1480,0.1312,0.2571,0.0000,-0.0002,,,1.0000,1.0000,,,85.3516
brake,20.0000,0.0000,100,uncomp,,200,31,2.0054,2.0029,2.1694,1.0000,-2.0002,,,2.0000,2.0000,1.0001,1.0001,
brake,20.0000,0.0000,100,comp_cv,3,200,31,0.2194,0.1942,0.3848,0.0053,-0.0004,,,2.0000,2.0000,,,89.0571
brake,20.0000,0.0000,100,comp_cv,5,200,31,0.1512,0.1341,0.2597,0.0000,-0.0002,,,2.0000,2.0000,,,92.4597
brake,20.0000,0.0000,100,comp_cv,9,200,31,0.1050,0.0932,0.1802,0.0000,-0.0002,,,2.0000,2.0000,,,94.7659
brake,20.0000,0.0000,100,comp_ca,5,200,31,0.3082,0.2731,0.5347,0.0731,-0.0008,,,2.0000,2.0000,,,84.6317
brake,20.0000,0.0000,100,comp_ca,9,200,31,0.1839,0.1630,0.3216,0.0008,-0.0002,,,2.0000,2.0000,,,90.8282
brake,20.0000,0.0000,150,uncomp,,200,31,3.0037,3.0020,3.1690,1.0000,-3.0002,,,3.0000,3.0000,1.0001,1.0001,
brake,20.0000,0.0000,150,comp_cv,3,200,31,0.2670,0.2362,0.4704,0.0289,-0.0005,,,3.0000,3.0000,,,91.1098
brake,20.0000,0.0000,150,comp_cv,5,200,31,0.1720,0.1525,0.2968,0.0005,-0.0002,,,3.0000,3.0000,,,94.2724
brake,20.0000,0.0000,150,comp_cv,9,200,31,0.1133,0.1006,0.1946,0.0000,-0.0003,,,3.0000,3.0000,,,96.2284
brake,20.0000,0.0000,150,comp_ca,5,200,31,0.4292,0.3805,0.7429,0.2548,-0.0012,,,3.0000,3.0000,,,85.7111
brake,20.0000,0.0000,150,comp_ca,9,200,31,0.2248,0.1992,0.3933,0.0077,-0.0003,,,3.0000,3.0000,,,92.5148
brake,20.0000,0.0000,200,uncomp,,200,31,4.0028,4.0015,4.1685,1.0000,-4.0002,,,4.0000,4.0000,1.0001,1.0001,
brake,20.0000,0.0000,200,comp_cv,3,200,31,0.3156,0.2792,0.5563,0.0839,-0.0006,,,4.0000,4.0000,,,92.1158
brake,20.0000,0.0000,200,comp_cv,5,200,31,0.1933,0.1713,0.3333,0.0011,-0.0003,,,4.0000,4.0000,,,95.1708
brake,20.0000,0.0000,200,comp_cv,9,200,31,0.1217,0.1081,0.2099,0.0000,-0.0003,,,4.0000,4.0000,,,96.9584
brake,20.0000,0.0000,200,comp_ca,5,200,31,0.5708,0.5062,0.9896,0.4658,-0.0016,,,4.0000,4.0000,,,85.7412
brake,20.0000,0.0000,200,comp_ca,9,200,31,0.2704,0.2396,0.4719,0.0371,-0.0003,,,4.0000,4.0000,,,93.2441
brake,20.0000,2.0000,0,uncomp,,200,31,0.1441,0.1279,0.2492,0.0000,-0.0002,,,0.0000,0.0000,,,
brake,20.0000,2.0000,0,comp_cv,3,200,31,0.1315,0.1165,0.2278,0.0000,0.0030,0.0027,0.0033,0.0000,0.0000,,,
brake,20.0000,2.0000,0,comp_cv,5,200,31,0.1134,0.1006,0.1960,0.0000,0.0184,0.0195,0.0200,0.0000,0.0000,,,
brake,20.0000,2.0000,0,comp_cv,9,200,31,0.1231,0.1110,0.2051,0.0000,0.0815,0.0926,0.0933,0.0000,0.0000,,,
brake,20.0000,2.0000,0,comp_ca,5,200,31,0.1356,0.1203,0.2356,0.0000,-0.0001,-0.0004,0.0000,0.0000,0.0000,,,
brake,20.0000,2.0000,0,comp_ca,9,200,31,0.1177,0.1043,0.2040,0.0000,0.0017,-0.0008,0.0000,0.0000,0.0000,,,
brake,20.0000,2.0000,50,uncomp,,200,31,0.8692,0.8590,1.0740,0.9977,-0.8526,,,1.0000,0.8500,0.8526,1.0031,
brake,20.0000,2.0000,50,comp_cv,3,200,31,0.1743,0.1543,0.3041,0.0000,0.0147,0.0152,0.0158,1.0000,0.8500,,,79.9532
brake,20.0000,2.0000,50,comp_cv,5,200,31,0.1369,0.1214,0.2358,0.0000,0.0390,0.0422,0.0425,1.0000,0.8500,,,84.2467
brake,20.0000,2.0000,50,comp_cv,9,200,31,0.1570,0.1434,0.2532,0.0000,0.1179,0.1352,0.1358,1.0000,0.8500,,,81.9353
brake,20.0000,2.0000,50,comp_ca,5,200,31,0.2092,0.1853,0.3629,0.0023,0.0002,-0.0004,0.0000,1.0000,0.8500,,,75.9352
brake,20.0000,2.0000,50,comp_ca,9,200,31,0.1483,0.1314,0.2575,0.0000,0.0039,-0.0007,0.0000,1.0000,0.8500,,,82.9402
brake,20.0000,2.0000,100,uncomp,,200,31,1.7251,1.7131,2.0357,1.0000,-1.7099,,,2.0000,1.7000,0.8549,1.0058,
brake,20.0000,2.0000,100,comp_cv,3,200,31,0.2217,0.1961,0.3873,0.0055,0.0309,0.0326,0.0333,2.0000,1.7000,,,87.1512
brake,20.0000,2.0000,100,comp_cv,5,200,31,0.1648,0.1462,0.2841,0.0003,0.0637,0.0697,0.0700,2.0000,1.7000,,,90.4482
brake,20.0000,2.0000,100,comp_cv,9,200,31,0.1964,0.1813,0.3067,0.0000,0.1577,0.1827,0.1833,2.0000,1.7000,,,88.6124
brake,20.0000,2.0000,100,comp_ca,5,200,31,0.3082,0.2731,0.5347,0.0721,0.0010,-0.0005,0.0000,2.0000,1.7000,,,82.1350
brake,20.0000,2.0000,100,comp_ca,9,200,31,0.1846,0.1635,0.3217,0.0008,0.0069,-0.0008,0.0000,2.0000,1.7000,,,89.3016
brake,20.0000,2.0000,150,uncomp,,200,31,2.5897,2.5740,3.0157,1.0000,-2.5719,,,3.0000,2.5500,0.8573,1.0086,
brake,20.0000,2.0000,150,comp_cv,3,200,31,0.2721,0.2407,0.4769,0.0350,0.0513,0.0554,0.0558,3.0000,2.5500,,,89.4915
brake,20.0000,2.0000,150,comp_cv,5,200,31,0.1968,0.1749,0.3353,0.0008,0.0924,0.1021,0.1025,3.0000,2.5500,,,92.4009
brake,20.0000,2.0000,150,comp_cv,9,200,31,0.2407,0.2237,0.3654,0.0008,0.2008,0.2352,0.2358,3.0000,2.5500,,,90.7043
brake,20.0000,2.0000,150,comp_ca,5,200,31,0.4292,0.3806,0.7423,0.2553,0.0021,-0.0014,0.0000,3.0000,2.5500,,,83.4256
brake,20.0000,2.0000,150,comp_ca,9,200,31,0.2260,0.2003,0.3941,0.0081,0.0106,-0.0004,0.0000,3.0000,2.5500,,,91.2716
brake,20.0000,2.0000,200,uncomp,,200,31,3.4598,3.4402,4.0039,1.0000,-3.4386,,,4.0000,3.4000,0.8596,1.0114,
brake,20.0000,2.0000,200,comp_cv,3,200,31,0.3251,0.2877,0.5674,0.0963,0.0759,0.0829,0.0833,4.0000,3.4000,,,90.6025
brake,20.0000,2.0000,200,comp_cv,5,200,31,0.2329,0.2077,0.3929,0.0077,0.1248,0.1396,0.1400,4.0000,3.4000,,,93.2689
brake,20.0000,2.0000,200,comp_cv,9,200,31,0.2894,0.2698,0.4304,0.0073,0.2471,0.2927,0.2933,4.0000,3.4000,,,91.6353
brake,20.0000,2.0000,200,comp_ca,5,200,31,0.5709,0.5064,0.9861,0.4660,0.0038,-0.0017,0.0000,4.0000,3.4000,,,83.4997
brake,20.0000,2.0000,200,comp_ca,9,200,31,0.2725,0.2414,0.4746,0.0377,0.0153,-0.0004,0.0000,4.0000,3.4000,,,92.1252
brake,20.0000,4.0000,0,uncomp,,200,31,0.1441,0.1279,0.2492,0.0000,-0.0002,,,0.0000,0.0000,,,
brake,20.0000,4.0000,0,comp_cv,3,200,31,0.1316,0.1166,0.2283,0.0000,0.0061,0.0060,0.0067,0.0000,0.0000,,,
brake,20.0000,4.0000,0,comp_cv,5,200,31,0.1180,0.1047,0.2041,0.0000,0.0370,0.0395,0.0400,0.0000,0.0000,,,
brake,20.0000,4.0000,0,comp_cv,9,200,31,0.1927,0.1799,0.2902,0.0000,0.1631,0.1860,0.1867,0.0000,0.0000,,,
brake,20.0000,4.0000,0,comp_ca,5,200,31,0.1356,0.1203,0.2356,0.0000,-0.0000,-0.0004,0.0000,0.0000,0.0000,,,
brake,20.0000,4.0000,0,comp_ca,9,200,31,0.1179,0.1045,0.2044,0.0000,0.0035,-0.0008,0.0000,0.0000,0.0000,,,
brake,20.0000,4.0000,50,uncomp,,200,31,0.7413,0.7132,1.0356,0.8348,-0.7050,,,1.0000,0.7000,0.7050,1.0072,
brake,20.0000,4.0000,50,comp_cv,3,200,31,0.1762,0.1560,0.3054,0.0002,0.0297,0.0310,0.0317,1.0000,0.7000,,,76.2292
brake,20.0000,4.0000,50,comp_cv,5,200,31,0.1536,0.1368,0.2629,0.0003,0.0782,0.0847,0.0850,1.0000,0.7000,,,79.2770
brake,20.0000,4.0000,50,comp_cv,9,200,31,0.2661,0.2508,0.3811,0.0006,0.2359,0.2710,0.2717,1.0000,0.7000,,,64.1078
brake,20.0000,4.0000,50,comp_ca,5,200,31,0.2092,0.1854,0.3633,0.0023,0.0010,-0.0004,0.0000,1.0000,0.7000,,,71.7771
brake,20.0000,4.0000,50,comp_ca,9,200,31,0.1492,0.1322,0.2594,0.0000,0.0080,-0.0007,0.0000,1.0000,0.7000,,,79.8772
brake,20.0000,4.0000,100,uncomp,,200,31,1.4706,1.4236,1.9945,1.0000,-1.4196,,,2.0000,1.4000,0.7098,1.0140,
brake,20.0000,4.0000,100,comp_cv,3,200,31,0.2284,0.2022,0.3972,0.0074,0.0622,0.0660,0.0667,2.0000,1.4000,,,84.4690
brake,20.0000,4.0000,100,comp_cv,5,200,31,0.2005,0.1801,0.3323,0.0005,0.1276,0.1397,0.1400,2.0000,1.4000,,,86.3670
brake,20.0000,4.0000,100,comp_cv,9,200,31,0.3489,0.3299,0.4823,0.0313,0.3156,0.3660,0.3667,2.0000,1.4000,,,76.2739
brake,20.0000,4.0000,100,comp_ca,5,200,31,0.3083,0.2732,0.5347,0.0721,0.0028,-0.0005,0.0000,2.0000,1.4000,,,79.0362
brake,20.0000,4.0000,100,comp_ca,9,200,31,0.1866,0.1654,0.3255,0.0008,0.0140,-0.0008,0.0000,2.0000,1.4000,,,87.3115
brake,20.0000,4.0000,150,uncomp,,200,31,2.2136,2.1463,2.9790,1.0000,-2.1436,,,3.0000,2.1000,0.7145,1.0208,
brake,20.0000,4.0000,150,comp_cv,3,200,31,0.2872,0.2545,0.4954,0.0473,0.1032,0.1113,0.1117,3.0000,2.1000,,,87.0235
brake,20.0000,4.0000,150,comp_cv,5,200,31,0.2577,0.2339,0.4187,0.0111,0.1850,0.2046,0.2050,3.0000,2.1000,,,88.3596
brake,20.0000,4.0000,150,comp_cv,9,200,31,0.4403,0.4162,0.5944,0.2989,0.4019,0.4711,0.4717,3.0000,2.1000,,,80.1081
brake,20.0000,4.0000,150,comp_ca,5,200,31,0.4295,0.3809,0.7423,0.2552,0.0055,-0.0014,0.0000,3.0000,2.1000,,,80.5983
brake,20.0000,4.0000,150,comp_ca,9,200,31,0.2298,0.2037,0.4020,0.0092,0.0215,-0.0004,0.0000,3.0000,2.1000,,,89.6169
brake,20.0000,4.0000,200,uncomp,,200,31,2.9667,2.8790,3.9722,1.0000,-2.8770,,,4.0000,2.8000,0.7192,1.0275,
brake,20.0000,4.0000,200,comp_cv,3,200,31,0.3527,0.3131,0.6073,0.1348,0.1524,0.1663,0.1667,4.0000,2.8000,,,88.1128
brake,20.0000,4.0000,200,comp_cv,5,200,31,0.3244,0.2973,0.5150,0.0618,0.2499,0.2796,0.2800,4.0000,2.8000,,,89.0652
brake,20.0000,4.0000,200,comp_cv,9,200,31,0.5398,0.5091,0.7171,0.6655,0.4946,0.5861,0.5867,4.0000,2.8000,,,81.8057
brake,20.0000,4.0000,200,comp_ca,5,200,31,0.5714,0.5069,0.9863,0.4668,0.0093,-0.0017,0.0000,4.0000,2.8000,,,80.7385
brake,20.0000,4.0000,200,comp_ca,9,200,31,0.2787,0.2471,0.4867,0.0444,0.0309,-0.0004,0.0000,4.0000,2.8000,,,90.6055
brake,20.0000,6.0000,0,uncomp,,200,31,0.1441,0.1279,0.2492,0.0000,-0.0002,,,0.0000,0.0000,,,
brake,20.0000,6.0000,0,comp_cv,3,200,31,0.1318,0.1168,0.2289,0.0000,0.0093,0.0093,0.0100,0.0000,0.0000,,,
brake,20.0000,6.0000,0,comp_cv,5,200,31,0.1254,0.1115,0.2155,0.0000,0.0555,0.0595,0.0600,0.0000,0.0000,,,
brake,20.0000,6.0000,0,comp_cv,9,200,31,0.2716,0.2572,0.3797,0.0005,0.2447,0.2793,0.2800,0.0000,0.0000,,,
brake,20.0000,6.0000,0,comp_ca,5,200,31,0.1356,0.1203,0.2356,0.0000,0.0001,-0.0004,0.0000,0.0000,0.0000,,,
brake,20.0000,6.0000,0,comp_ca,9,200,31,0.1183,0.1049,0.2053,0.0000,0.0053,-0.0008,0.0000,0.0000,0.0000,,,
brake,20.0000,6.0000,50,uncomp,,200,31,0.6347,0.5717,1.0077,0.5766,-0.5575,,,1.0000,0.5500,0.5575,1.0136,
brake,20.0000,6.0000,50,comp_cv,3,200,31,0.1794,0.1589,0.3103,0.0002,0.0447,0.0469,0.0475,1.0000,0.5500,,,71.7281
brake,20.0000,6.0000,50,comp_cv,5,200,31,0.1781,0.1603,0.2950,0.0003,0.1173,0.1272,0.1275,1.0000,0.5500,,,71.9466
brake,20.0000,6.0000,50,comp_cv,9,200,31,0.3844,0.3652,0.5144,0.0742,0.3539,0.4069,0.4075,1.0000,0.5500,,,39.4386
brake,20.0000,6.0000,50,comp_ca,5,200,31,0.2093,0.1854,0.3632,0.0023,0.0018,-0.0004,0.0000,1.0000,0.5500,,,67.0312
brake,20.0000,6.0000,50,comp_ca,9,200,31,0.1506,0.1335,0.2614,0.0000,0.0121,-0.0007,0.0000,1.0000,0.5500,,,76.2676
brake,20.0000,6.0000,100,uncomp,,200,31,1.2575,1.1360,1.9723,0.8473,-1.1292,,,2.0000,1.1000,0.5646,1.0266,
brake,20.0000,6.0000,100,comp_cv,3,200,31,0.2393,0.2122,0.4147,0.0103,0.0935,0.0993,0.1000,2.0000,1.1000,,,80.9717
brake,20.0000,6.0000,100,comp_cv,5,200,31,0.2490,0.2281,0.3949,0.0047,0.1915,0.2097,0.2100,2.0000,1.1000,,,80.2010
brake,20.0000,6.0000,100,comp_cv,9,200,31,0.5103,0.4845,0.6633,0.6082,0.4735,0.5493,0.5500,2.0000,1.1000,,,59.4162
brake,20.0000,6.0000,100,comp_ca,5,200,31,0.3085,0.2735,0.5357,0.0719,0.0046,-0.0005,0.0000,2.0000,1.1000,,,75.4690
brake,20.0000,6.0000,100,comp_ca,9,200,31,0.1900,0.1684,0.3304,0.0013,0.0211,-0.0008,0.0000,2.0000,1.1000,,,84.8918
brake,20.0000,6.0000,150,uncomp,,200,31,1.8982,1.7196,2.9575,0.9390,-1.7153,,,3.0000,1.6500,0.5718,1.0396,
brake,20.0000,6.0000,150,comp_cv,3,200,31,0.3109,0.2769,0.5322,0.0719,0.1550,0.1671,0.1675,3.0000,1.6500,,,83.6204
brake,20.0000,6.0000,150,comp_cv,5,200,31,0.3356,0.3118,0.5125,0.0624,0.2776,0.3071,0.3075,3.0000,1.6500,,,82.3222
brake,20.0000,6.0000,150,comp_cv,9,200,31,0.6486,0.6141,0.8278,0.8145,0.6030,0.7069,0.7075,3.0000,1.6500,,,65.8323
brake,20.0000,6.0000,150,comp_ca,5,200,31,0.4300,0.3814,0.7429,0.2561,0.0088,-0.0014,0.0000,3.0000,1.6500,,,77.3494
brake,20.0000,6.0000,150,comp_ca,9,200,31,0.2361,0.2092,0.4124,0.0113,0.0324,-0.0004,0.0000,3.0000,1.6500,,,87.5610
brake,20.0000,6.0000,200,uncomp,,200,31,2.5525,2.3185,3.9503,0.9869,-2.3154,,,4.0000,2.2000,0.5788,1.0524,
brake,20.0000,6.0000,200,comp_cv,3,200,31,0.3944,0.3532,0.6669,0.2037,0.2289,0.2496,0.2500,4.0000,2.2000,,,84.5481
brake,20.0000,6.0000,200,comp_cv,5,200,31,0.4363,0.4089,0.6474,0.2860,0.3750,0.4196,0.4200,4.0000,2.2000,,,82.9064
brake,20.0000,6.0000,200,comp_cv,9,200,31,0.7985,0.7534,1.0082,0.8352,0.7420,0.8794,0.8800,4.0000,2.2000,,,68.7166
brake,20.0000,6.0000,200,comp_ca,5,200,31,0.5724,0.5079,0.9896,0.4679,0.0147,-0.0017,0.0000,4.0000,2.2000,,,77.5751
brake,20.0000,6.0000,200,comp_ca,9,200,31,0.2889,0.2557,0.5072,0.0553,0.0465,-0.0004,0.0000,4.0000,2.2000,,,88.6813
brake,20.0000,8.0000,0,uncomp,,200,25,0.1443,0.1282,0.2496,0.0000,0.0002,,,0.0000,0.0000,,,
brake,20.0000,8.0000,0,comp_cv,3,200,25,0.1321,0.1171,0.2288,0.0000,0.0128,0.0131,0.0133,0.0000,0.0000,,,
brake,20.0000,8.0000,0,comp_cv,5,200,25,0.1343,0.1198,0.2294,0.0000,0.0729,0.0798,0.0800,0.0000,0.0000,,,
brake,20.0000,8.0000,0,comp_cv,9,200,25,0.3467,0.3270,0.4685,0.0148,0.3156,0.3733,0.3733,0.0000,0.0000,,,
brake,20.0000,8.0000,0,comp_ca,5,200,25,0.1357,0.1204,0.2361,0.0000,0.0009,0.0002,0.0000,0.0000,0.0000,,,
brake,20.0000,8.0000,0,comp_ca,9,200,25,0.1185,0.1050,0.2058,0.0000,0.0091,-0.0006,0.0000,0.0000,0.0000,,,
brake,20.0000,8.0000,50,uncomp,,200,25,0.6194,0.5481,1.0065,0.5416,-0.5294,,,1.0000,0.5200,0.5294,1.0180,
brake,20.0000,8.0000,50,comp_cv,3,200,25,0.1840,0.1630,0.3207,0.0004,0.0595,0.0632,0.0633,1.0000,0.5200,,,70.2935
brake,20.0000,8.0000,50,comp_cv,5,200,25,0.2057,0.1875,0.3313,0.0002,0.1536,0.1700,0.1700,1.0000,0.5200,,,66.7851
brake,20.0000,8.0000,50,comp_cv,9,200,25,0.4944,0.4660,0.6446,0.5682,0.4554,0.5435,0.5433,1.0000,0.5200,,,20.1725
brake,20.0000,8.0000,50,comp_ca,5,200,25,0.2097,0.1858,0.3674,0.0018,0.0038,0.0003,0.0000,1.0000,0.5200,,,66.1375
brake,20.0000,8.0000,50,comp_ca,9,200,25,0.1529,0.1354,0.2645,0.0000,0.0203,-0.0007,0.0000,1.0000,0.5200,,,75.3206
brake,20.0000,8.0000,100,uncomp,,200,25,1.2299,1.0871,1.9769,0.7924,-1.0782,,,2.0000,1.0400,0.5391,1.0367,
brake,20.0000,8.0000,100,comp_cv,3,200,25,0.2536,0.2255,0.4363,0.0160,0.1234,0.1332,0.1333,2.0000,1.0400,,,79.3827
brake,20.0000,8.0000,100,comp_cv,5,200,25,0.3007,0.2795,0.4581,0.0218,0.2498,0.2800,0.2800,2.0000,1.0400,,,75.5532
brake,20.0000,8.0000,100,comp_cv,9,200,25,0.6581,0.6181,0.8405,0.7900,0.6076,0.7335,0.7333,2.0000,1.0400,,,46.4900
brake,20.0000,8.0000,100,comp_ca,5,200,25,0.3095,0.2742,0.5404,0.0750,0.0088,0.0005,0.0000,2.0000,1.0400,,,74.8374
brake,20.0000,8.0000,100,comp_ca,9,200,25,0.1959,0.1734,0.3417,0.0016,0.0350,-0.0011,0.0000,2.0000,1.0400,,,84.0701
brake,20.0000,8.0000,150,uncomp,,200,25,1.8618,1.6513,2.9646,0.8880,-1.6458,,,3.0000,1.5600,0.5486,1.0550,
brake,20.0000,8.0000,150,comp_cv,3,200,25,0.3404,0.3051,0.5764,0.1126,0.2036,0.2237,0.2233,3.0000,1.5600,,,81.7168
brake,20.0000,8.0000,150,comp_cv,5,200,25,0.4152,0.3898,0.6103,0.2230,0.3609,0.4098,0.4100,3.0000,1.5600,,,77.6991
brake,20.0000,8.0000,150,comp_cv,9,200,25,0.8367,0.7822,1.0575,0.8166,0.7715,0.9437,0.9433,3.0000,1.5600,,,55.0607
brake,20.0000,8.0000,150,comp_ca,5,200,25,0.4317,0.3828,0.7486,0.2602,0.0162,-0.0003,0.0000,3.0000,1.5600,,,76.8109
brake,20.0000,8.0000,150,comp_ca,9,200,25,0.2476,0.2187,0.4365,0.0192,0.0537,-0.0007,0.0000,3.0000,1.5600,,,86.6999
brake,20.0000,8.0000,200,uncomp,,200,25,2.5105,2.2357,3.9587,0.9394,-2.2318,,,4.0000,2.0800,0.5579,1.0730,
brake,20.0000,8.0000,200,comp_cv,3,200,25,0.4441,0.4016,0.7392,0.2932,0.2995,0.3338,0.3333,4.0000,2.0800,,,82.3097
brake,20.0000,8.0000,200,comp_cv,5,200,25,0.5473,0.5154,0.7792,0.5910,0.4859,0.5597,0.5600,4.0000,2.0800,,,78.1984
brake,20.0000,8.0000,200,comp_cv,9,200,25,1.0294,0.9574,1.2942,0.8308,0.9461,1.1737,1.1733,4.0000,2.0800,,,58.9973
brake,20.0000,8.0000,200,comp_ca,5,200,25,0.5754,0.5103,0.9985,0.4698,0.0263,-0.0005,0.0000,4.0000,2.0800,,,77.0825
brake,20.0000,8.0000,200,comp_ca,9,200,25,0.3079,0.2710,0.5470,0.0822,0.0767,-0.0010,0.0000,4.0000,2.0800,,,87.7340
